{"cameraMode":{"drawMode":0,"name":"Shaded","section":"Shading Mode"},"sceneLighting":true,"audioPlay":false,"sceneViewState":{"showFog":true,"showMaterialUpdate":true,"showSkybox":true,"showFlares":true,"showImageEffects":true,"showParticleSystems":true},"in2DMode":false,"pivot":{"x":2.6378183364868166,"y":3.873995542526245,"z":5.1323394775390629},"rotation":{"x":0.06581618636846543,"y":-0.43461179733276369,"z":-0.031866442412137988,"w":-0.8976443409919739},"size":10.462165832519532,"orthographic":false}